{
  "0.01": {
    "final_relerr": 0.00019936072931159288,
    "stage1_relerr": 0.007591806352138519,
    "stage2_relerr": 0.00019936072931159288,
    "phi_mean": 0.5626808404922485,
    "phi_std": 0.49197152256965637,
    "phi_min": 0.0009295616764575243,
    "phi_max": 0.9988194108009338,
    "exercise_frac": 0.4306640625,
    "continuation_frac": 0.5565185546875,
    "fb_mean_err": 0.4542374058852063,
    "fb_rel": 0.005198923873767893,
    "time": 4824.437541723251,
    "epsilon": 0.01
  },
  "0.02": {
    "final_relerr": 0.00020416948245838284,
    "stage1_relerr": 0.007591806352138519,
    "stage2_relerr": 0.00020416810002643615,
    "phi_mean": 0.5626690983772278,
    "phi_std": 0.48942139744758606,
    "phi_min": 0.0007306596962735057,
    "phi_max": 0.9996802806854248,
    "exercise_frac": 0.4219970703125,
    "continuation_frac": 0.5477294921875,
    "fb_mean_err": 0.4474838681227566,
    "fb_rel": 0.0051216270059831525,
    "time": 4798.609303951263,
    "epsilon": 0.02
  },
  "0.05": {
    "final_relerr": 0.000376,
    "phi_mean": 0.5626795291900635,
    "phi_std": 0.4845843017101288,
    "exercise_frac": 0.4197998046875,
    "continuation_frac": 0.5455322265625,
    "fb_mean_err": 0.43860926991059807,
    "fb_rel": 0.005020053775955177,
    "time": 4839.0,
    "epsilon": 0.05
  },
  "0.1": {
    "final_relerr": 0.0007313984096981585,
    "stage1_relerr": 0.007591806352138519,
    "stage2_relerr": 0.0007313984096981585,
    "phi_mean": 0.5626904964447021,
    "phi_std": 0.4794555902481079,
    "phi_min": 0.0009249868453480303,
    "phi_max": 0.9989619255065918,
    "exercise_frac": 0.4063720703125,
    "continuation_frac": 0.5325927734375,
    "fb_mean_err": 0.4287158420034957,
    "fb_rel": 0.00490681964359789,
    "time": 4813.71563076973,
    "epsilon": 0.1
  },
  "0.2": {
    "final_relerr": 0.0014285057550296187,
    "stage1_relerr": 0.007591806352138519,
    "stage2_relerr": 0.0014285058714449406,
    "phi_mean": 0.5627294778823853,
    "phi_std": 0.47242116928100586,
    "phi_min": 0.0009163604117929935,
    "phi_max": 0.9988946318626404,
    "exercise_frac": 0.3905029296875,
    "continuation_frac": 0.51708984375,
    "fb_mean_err": 0.4142962544549337,
    "fb_rel": 0.004741781852819711,
    "time": 4814.380701303482,
    "epsilon": 0.2
  }
}