{
  "A_Full": {
    "rel_err": 0.00037582311779260635,
    "time": 0.0,
    "phi_mean": 0.5626795291900635,
    "phi_std": 0.4845843017101288,
    "phi_min": 0.0006130843539722264,
    "phi_max": 0.9990411400794983,
    "fb_mean_err": 7.645334196782958,
    "fb_max_err": 117.32570331866346
  },
  "B_NoInt": {
    "rel_err": 0.026711462065577507,
    "time": 6165.800664186478,
    "phi_mean": 0.7300149202346802,
    "phi_std": 0.17483298480510712,
    "phi_min": 0.002828087192028761,
    "phi_max": 0.9475122094154358,
    "fb_mean_err": 3.6828366875883214,
    "fb_max_err": 99.92616448815413
  },
  "C_NoAnc": {
    "rel_err": 0.9999796152114868,
    "time": 6090.944240808487,
    "phi_mean": 0.5717606544494629,
    "phi_std": 0.45077982544898987,
    "phi_min": 6.765436211253473e-08,
    "phi_max": 0.9999998807907104,
    "fb_mean_err": 29.668944094525788,
    "fb_max_err": 86.96926869745329
  },
  "D_MLP": {
    "rel_err": 0.027590740472078323,
    "time": 5570.967329502106,
    "phi_mean": 0.7288782000541687,
    "phi_std": 0.17362786829471588,
    "phi_min": 0.02597072906792164,
    "phi_max": 0.9096390604972839,
    "fb_mean_err": 3.5952611032022794,
    "fb_max_err": 99.93016654112206
  },
  "E_Penalty": {
    "rel_err": 0.1008949875831604,
    "time": 5323.757688760757
  }
}