{
  "base": {
    "name": "base",
    "description": "Baseline (same as paper)",
    "params": {
      "sigma": 0.2,
      "r": 0.05,
      "T": 1.0,
      "K": 100.0,
      "S_max": 200.0,
      "eps": 0.05
    },
    "final_relerr": 0.00037582311779260635,
    "stage1_relerr": 0.005804120562970638,
    "stage2_relerr": 0.00037582311779260635,
    "phi_mean": 0.5626795291900635,
    "phi_std": 0.4845843017101288,
    "phi_min": 0.0006130843539722264,
    "phi_max": 0.9990411400794983,
    "ex_frac": 0.4197998046875,
    "cont_frac": 0.5455322265625,
    "V_atm_pred": 6.4047112464904785,
    "V_atm_fdm": 6.419522285461426,
    "fb_mean_err": 0.42280367047142275,
    "fb_max_err": 0.945390400173153,
    "fb_rel_err": 0.004841263401790192,
    "stage_times": {
      "fdm": 1.482114315032959,
      "stage1": 101.78110146522522,
      "stage15": 58.75158381462097,
      "stage2": 4633.016710281372,
      "stage3": 43.56328845024109
    },
    "total_time": 4838.7622153759
  },
  "low_vol": {
    "name": "low_vol",
    "description": "Low volatility (sigma=0.1)",
    "params": {
      "sigma": 0.1,
      "r": 0.05,
      "T": 1.0,
      "K": 100.0,
      "S_max": 200.0,
      "eps": 0.05
    },
    "final_relerr": 0.00043121149064972997,
    "stage1_relerr": 0.006525132339447737,
    "stage2_relerr": 0.00043121230555698276,
    "phi_mean": 0.5221166610717773,
    "phi_std": 0.48819032311439514,
    "phi_min": 0.0012417602119967341,
    "phi_max": 0.9986352324485779,
    "ex_frac": 0.4619140625,
    "cont_frac": 0.50634765625,
    "V_atm_pred": 2.71642804145813,
    "V_atm_fdm": 2.7675082683563232,
    "fb_mean_err": 0.4141030807704285,
    "fb_max_err": 0.7254647326281685,
    "fb_rel_err": 0.004332744432344063,
    "stage_times": {
      "fdm": 1.689100980758667,
      "stage1": 103.2156093120575,
      "stage15": 56.73421263694763,
      "stage2": 4594.120621919632,
      "stage3": 43.81137943267822
    },
    "total_time": 4799.701255083084
  },
  "high_vol": {
    "name": "high_vol",
    "description": "High volatility (sigma=0.4)",
    "params": {
      "sigma": 0.4,
      "r": 0.05,
      "T": 1.0,
      "K": 100.0,
      "S_max": 200.0,
      "eps": 0.05
    },
    "final_relerr": 0.0004075176839251071,
    "stage1_relerr": 0.00628385366871953,
    "stage2_relerr": 0.0004075244069099426,
    "phi_mean": 0.6429213285446167,
    "phi_std": 0.4668998718261719,
    "phi_min": 0.0012787209125235677,
    "phi_max": 0.9987529516220093,
    "ex_frac": 0.3369140625,
    "cont_frac": 0.6234130859375,
    "V_atm_pred": 13.96366024017334,
    "V_atm_fdm": 13.97679615020752,
    "fb_mean_err": 0.3802642793725531,
    "fb_max_err": 0.878482552025261,
    "fb_rel_err": 0.005380155677370395,
    "stage_times": {
      "fdm": 1.6870322227478027,
      "stage1": 103.00681591033936,
      "stage15": 55.82706880569458,
      "stage2": 4580.914325237274,
      "stage3": 40.91399121284485
    },
    "total_time": 4782.526745557785
  },
  "low_rate": {
    "name": "low_rate",
    "description": "Low interest rate (r=0.02)",
    "params": {
      "sigma": 0.2,
      "r": 0.02,
      "T": 1.0,
      "K": 100.0,
      "S_max": 200.0,
      "eps": 0.05
    },
    "final_relerr": 0.0003170542186126113,
    "stage1_relerr": 0.006974791642278433,
    "stage2_relerr": 0.00031708061578683555,
    "phi_mean": 0.5804041028022766,
    "phi_std": 0.4818185567855835,
    "phi_min": 0.001055787201039493,
    "phi_max": 0.9992485642433167,
    "ex_frac": 0.4014892578125,
    "cont_frac": 0.5625,
    "V_atm_pred": 7.433342933654785,
    "V_atm_fdm": 7.458914279937744,
    "fb_mean_err": 0.40150610824269656,
    "fb_max_err": 0.9220208228103814,
    "fb_rel_err": 0.004797348751729207,
    "stage_times": {
      "fdm": 1.695082664489746,
      "stage1": 105.41678810119629,
      "stage15": 55.41432309150696,
      "stage2": 4585.198772192001,
      "stage3": 38.284669637680054
    },
    "total_time": 4786.160455942154
  },
  "short_mat": {
    "name": "short_mat",
    "description": "Short maturity (T=0.25)",
    "params": {
      "sigma": 0.2,
      "r": 0.05,
      "T": 0.25,
      "K": 100.0,
      "S_max": 200.0,
      "eps": 0.05
    },
    "final_relerr": 0.0004409438406582922,
    "stage1_relerr": 0.006708534900099039,
    "stage2_relerr": 0.000440945295849815,
    "phi_mean": 0.5367146730422974,
    "phi_std": 0.4872642755508423,
    "phi_min": 0.000733375723939389,
    "phi_max": 0.9993159770965576,
    "ex_frac": 0.446533203125,
    "cont_frac": 0.520263671875,
    "V_atm_pred": 3.820683002471924,
    "V_atm_fdm": 3.845571994781494,
    "fb_mean_err": 0.3831757213312194,
    "fb_max_err": 0.7036882888613718,
    "fb_rel_err": 0.004141544761022524,
    "stage_times": {
      "fdm": 1.7111973762512207,
      "stage1": 105.77769923210144,
      "stage15": 54.9405472278595,
      "stage2": 4596.062307596207,
      "stage3": 38.63048195838928
    },
    "total_time": 4797.26860499382
  }
}